{"accuracy": [0.8273226618766785, 0.9030331969261169, 0.9152137637138367, 0.9164079427719116, 0.9223787784576416], "loss": [0.38092470169067383, 0.22532063722610474, 0.20119830965995789, 0.1960611641407013, 0.18674147129058838], "val_accuracy": [0.9119617342948914, 0.919617235660553, 0.9234449863433838, 0.9358851909637451, 0.9339712858200073], "val_loss": [0.20646405220031738, 0.18444688618183136, 0.17242607474327087, 0.16746458411216736, 0.1656223088502884]}