{"accuracy": [0.6973966956138611, 0.7683305740356445, 0.8196799755096436, 0.8481012582778931, 0.8679245114326477], "loss": [0.6137546896934509, 0.48339757323265076, 0.38734468817710876, 0.33352917432785034, 0.29882919788360596], "val_accuracy": [0.7425837516784668, 0.7703348994255066, 0.8449760675430298, 0.882296621799469, 0.8870813250541687], "val_loss": [0.49373406171798706, 0.38698628544807434, 0.3162534236907959, 0.27569329738616943, 0.26611191034317017]}