{"accuracy": [0.7112491130828857, 0.7365655303001404, 0.7408645749092102, 0.7420587539672852], "loss": [0.6184556484222412, 0.5896637439727783, 0.5719159245491028, 0.5660622119903564], "val_accuracy": [0.7425837516784668, 0.7425837516784668, 0.7425837516784668, 0.7425837516784668], "val_loss": [0.5709042549133301, 0.5650616884231567, 0.5665825009346008, 0.5590329766273499]}